{"type":"world_loaded","value":{"minecraft_session_id":"a3d4b31c-a4ce-4ff6-897e-2861c350c17b","game_version":"1.19.3","operating_system":"linux","platform":"Linux","client_modded":true,"event_timestamp_utc":"2022-12-16T23:56:15.277635538Z","opt_in":false,"world_session_id":"d8d0f43a-997c-4989-b91b-2bb2da74791b","server_modded":true,"server_type":"server","game_mode":"survival"}}
{"type":"world_unloaded","value":{"minecraft_session_id":"a3d4b31c-a4ce-4ff6-897e-2861c350c17b","game_version":"1.19.3","operating_system":"linux","platform":"Linux","client_modded":true,"event_timestamp_utc":"2022-12-16T23:58:31.719365115Z","opt_in":false,"world_session_id":"d8d0f43a-997c-4989-b91b-2bb2da74791b","server_modded":true,"server_type":"server","seconds_since_load":136,"ticks_since_load":2723}}
{"type":"world_unloaded","value":{"minecraft_session_id":"a3d4b31c-a4ce-4ff6-897e-2861c350c17b","game_version":"1.19.3","operating_system":"linux","platform":"Linux","client_modded":true,"event_timestamp_utc":"2022-12-16T23:58:31.730211671Z","opt_in":false,"world_session_id":"d8d0f43a-997c-4989-b91b-2bb2da74791b","server_modded":true,"server_type":"server","seconds_since_load":136,"ticks_since_load":2723}}
{"type":"world_loaded","value":{"minecraft_session_id":"a3d4b31c-a4ce-4ff6-897e-2861c350c17b","game_version":"1.19.3","operating_system":"linux","platform":"Linux","client_modded":true,"event_timestamp_utc":"2022-12-16T23:59:45.934690966Z","opt_in":false,"world_session_id":"003be3be-d840-4754-ac15-3e78c99373ba","server_modded":true,"server_type":"server","game_mode":"survival"}}
{"type":"world_unloaded","value":{"minecraft_session_id":"a3d4b31c-a4ce-4ff6-897e-2861c350c17b","game_version":"1.19.3","operating_system":"linux","platform":"Linux","client_modded":true,"event_timestamp_utc":"2022-12-17T00:19:02.674737338Z","opt_in":false,"world_session_id":"003be3be-d840-4754-ac15-3e78c99373ba","server_modded":true,"server_type":"server","seconds_since_load":1156,"ticks_since_load":22920}}
